features,coef
GenHealth_Poor,0.3321230773919785
AgeCategory_75-79,0.26532829434247823
Race_Other,0.2351750464825551
AgeCategory_80 or older,0.2250899629595231
Diabetic_Yes,0.22134144298912
Stroke_True,0.20076183262528735
GenHealth_Good,0.18727729445464508
Sex_Male,0.16521324868783452
AgeCategory_70-74,0.16452512004475925
GenHealth_Fair,0.14132355825209184
Smoking_True,0.1325805120795453
DiffWalking_True,0.10477349986518553
KidneyDisease_True,0.10145413646538541
AgeCategory_65-69,0.09969072174144103
Diabetic_Borderline diabetes,0.05457429822122072
Asthma_True,0.04666009835004389
SkinCancer_True,0.04532065251378591
PhysicalActivity_True,0.04068447793297548
AgeCategory_55-59,0.037087772543927006
Race_White,0.029143066025963265
AgeCategory_50-54,0.024173187150074233
BMI_overweight,0.020983141042600264
BMI_normal,0.017327778512586923
AlcoholDrinking_True,0.008181686522001559
AgeCategory_60-64,0.007953911393820068
MentalHealth_poor,0.0
PhysicalHealth_poor,0.0
BMI_obesity,-0.007724674642983296
AlcoholDrinking_False,-0.008181686522001663
Race_American Indian/Alaskan Native,-0.010261391955475369
Race_Asian,-0.02386544654170824
PhysicalActivity_False,-0.04068447793297564
BMI_underweight,-0.044991188307807455
SkinCancer_False,-0.04532065251378609
Asthma_False,-0.04666009835004399
Race_Hispanic,-0.0723436843307474
KidneyDisease_False,-0.1014541364653855
Race_Black,-0.10463221526023943
DiffWalking_False,-0.10477349986518553
Smoking_False,-0.13258051207954544
Sex_Female,-0.16521324868783455
Diabetic_No,-0.17913544883908428
AgeCategory_35-39,-0.19994759790845215
Stroke_False,-0.20076183262528755
AgeCategory_45-49,-0.21964434904359612
AgeCategory_25-29,-0.23666561388209084
AgeCategory_40-44,-0.2572430256841526
AgeCategory_18-24,-0.25921046226838357
GenHealth_Very good,-0.2593553863220131
AgeCategory_30-34,-0.2651831102812889
Diabetic_During pregnancy,-0.3468339356720671
GenHealth_Excellent,-0.42542371367228154
