features,coef
AgeCategory_80 or older,0.4026024406726366
GenHealth_Poor,0.28387787436599166
AgeCategory_75-79,0.28175278163268747
AgeCategory_70-74,0.2456747078747085
GenHealth_Fair,0.24551909722300114
Stroke_True,0.18229508023114122
Sex_Male,0.17943076649545595
AgeCategory_65-69,0.1318017025587174
Diabetic_Yes,0.10780275164504693
Smoking_True,0.08891491988385056
MentalHealth,0.07696065479249023
KidneyDisease_True,0.07298818136849347
GenHealth_Good,0.06617076154662396
DiffWalking_True,0.06406703579571298
PhysicalHealth,0.05589806597828908
Asthma_True,0.05324217275916009
AgeCategory_60-64,0.04214673113153912
BMI_obesity,0.03166153657819337
Race_Other,0.02607443273419103
AlcoholDrinking_False,0.025707037287016794
SkinCancer_True,0.023122893306850238
Race_American Indian/Alaskan Native,0.021876140410547636
Race_White,0.02156784128098172
Diabetic_During pregnancy,0.01651107449383369
BMI_overweight,0.015289558188753091
PhysicalActivity_True,0.010690656423539979
BMI_underweight,-0.007903499347872217
Race_Hispanic,-0.009347077381760587
PhysicalActivity_False,-0.010690656423539979
Diabetic_Borderline diabetes,-0.013921349885181587
SkinCancer_False,-0.023122893306850238
AlcoholDrinking_True,-0.02570703728701681
AgeCategory_55-59,-0.03131811773010195
Race_Black,-0.03458303460932298
Race_Asian,-0.03924799057006192
BMI_normal,-0.04883601079319764
Asthma_False,-0.05324217275916007
DiffWalking_False,-0.06406703579571298
KidneyDisease_False,-0.07298818136849348
Smoking_False,-0.0889149198838506
AgeCategory_50-54,-0.09758713039886592
Diabetic_No,-0.10092029403735145
AgeCategory_45-49,-0.16553272871874247
Sex_Female,-0.17943076649545597
Stroke_False,-0.18229508023114127
GenHealth_Very good,-0.2072092995472581
AgeCategory_40-44,-0.2374815503028418
AgeCategory_35-39,-0.28226867397378064
AgeCategory_30-34,-0.31343237918356825
GenHealth_Excellent,-0.31534658326384085
AgeCategory_25-29,-0.33262738217111254
AgeCategory_18-24,-0.38892431680664474
