features,coef
AgeCategory_80 or older,0.4036914900604315
AgeCategory_70-74,0.30211879503506717
AgeCategory_75-79,0.29964108153143126
PhysicalHealth,0.248996818681616
AgeCategory_65-69,0.23236691483001834
Sex_Male,0.16624331581358043
AgeCategory_60-64,0.1624600019455656
Diabetic_Yes,0.13772564731471404
Stroke_True,0.11603080028964628
Smoking_True,0.11207039212451785
KidneyDisease_True,0.0702833224312731
AgeCategory_55-59,0.06858490717555905
PhysicalActivity_False,0.040275805224342515
SkinCancer_True,0.020829267870716327
AgeCategory_50-54,-0.0033949978507065576
Diabetic_Borderline diabetes,-0.008677432957962802
Diabetic_During pregnancy,-0.01328777888818513
SkinCancer_False,-0.020829267870716206
PhysicalActivity_True,-0.040275805224342626
KidneyDisease_False,-0.07028332243111314
AgeCategory_45-49,-0.10988979871280488
Smoking_False,-0.11207039212451785
Stroke_False,-0.11603080028964605
Diabetic_No,-0.11945545785709771
Sex_Female,-0.16624331581358043
AgeCategory_40-44,-0.19639259230357317
AgeCategory_35-39,-0.28857476772001733
AgeCategory_30-34,-0.2962166937301611
AgeCategory_25-29,-0.39519419486670454
AgeCategory_18-24,-0.444765312097738
