features,coef
AgeCategory_80 or older,0.39326481016049675
AgeCategory_70-74,0.29880888621145946
AgeCategory_75-79,0.29780368431080323
GenHealth_Fair,0.24833284897590432
AgeCategory_65-69,0.22592620117809356
GenHealth_Poor,0.22378276840177316
Sex_Male,0.1781058479599265
AgeCategory_60-64,0.15221485160257517
GenHealth_Good,0.14775834784112415
Stroke_True,0.09883850508454053
Diabetic_Yes,0.09258877678159474
Smoking_True,0.08764589697125558
AgeCategory_55-59,0.060190508216558254
KidneyDisease_True,0.05297319040663968
Race_White,0.04791065493225762
Asthma_True,0.046908010572298986
MentalHealth,0.03937413836132833
DiffWalking_True,0.038478525649386024
BMI_obesity,0.03114869148407206
AlcoholDrinking_False,0.02749672371979375
Race_Other,0.018343103339536062
PhysicalHealth,0.017839208465112968
SkinCancer_True,0.015222455184190246
Race_American Indian/Alaskan Native,0.014429663712597011
BMI_overweight,0.008273627184268738
PhysicalActivity_True,0.005987782705210564
PhysicalActivity_False,-0.00598778270521065
AgeCategory_50-54,-0.006868486840509176
Diabetic_During pregnancy,-0.008690722719932114
Diabetic_Borderline diabetes,-0.012240832961422737
BMI_underweight,-0.014577391982967711
SkinCancer_False,-0.015222455184189994
Race_Hispanic,-0.023526850528260475
AlcoholDrinking_True,-0.027496723719793836
BMI_normal,-0.036734714304272886
DiffWalking_False,-0.03847852564938595
Race_Black,-0.041970171793358504
Asthma_False,-0.046908010572298986
Race_Asian,-0.04995263676190332
KidneyDisease_False,-0.05297319040663991
Diabetic_No,-0.07780140875088608
Smoking_False,-0.08764589697125558
Stroke_False,-0.09883850508454041
AgeCategory_45-49,-0.11017556790459053
GenHealth_Very good,-0.12038138096201487
Sex_Female,-0.1781058479599265
AgeCategory_40-44,-0.19373112263465897
AgeCategory_35-39,-0.28126975628082734
AgeCategory_30-34,-0.286444412442635
GenHealth_Excellent,-0.3122120940243731
AgeCategory_25-29,-0.3826043490540361
AgeCategory_18-24,-0.4233671251441778
