features,importance
Diabetic_No,0.042886657257452214
DiffWalking_True,0.039970617447159296
Diabetic_Yes,0.0377911421043389
GenHealth_Very good,0.03718451565861853
DiffWalking_False,0.03560653041948786
GenHealth_Excellent,0.03436847889976969
AgeCategory_65-69,0.03268517686146673
GenHealth_Good,0.03209337595723987
AgeCategory_70-74,0.029256411295334267
Smoking_True,0.028873286502398014
AgeCategory_75-79,0.028644736650378963
Sex_Male,0.028392775367689728
Stroke_False,0.02793761257658468
Smoking_False,0.027921123112658593
GenHealth_Poor,0.02731387191560247
Sex_Female,0.027196557465360156
Race_White,0.0266713006095522
PhysicalActivity_False,0.02597009845646095
GenHealth_Fair,0.02497669434104696
PhysicalActivity_True,0.024757067936273566
AgeCategory_60-64,0.024647529061394467
BMI_obesity,0.024032150074171223
Stroke_True,0.021755324564747127
BMI_normal,0.021683275925745978
AgeCategory_80 or older,0.021555933389393628
Race_Black,0.02078997367666307
AgeCategory_55-59,0.020737299137359624
SkinCancer_True,0.020565921018259194
SkinCancer_False,0.02022884004056482
AgeCategory_50-54,0.01868039551084395
Asthma_False,0.017843762097793595
Asthma_True,0.017820705603718817
AgeCategory_45-49,0.01550757561760734
AgeCategory_40-44,0.015213458711413996
AgeCategory_35-39,0.011658333524142177
KidneyDisease_True,0.011313595699205039
Race_American Indian/Alaskan Native,0.009907191685016392
KidneyDisease_False,0.009508653319257609
AgeCategory_18-24,0.00809578430851295
AlcoholDrinking_True,0.007490398849496891
Diabetic_Borderline diabetes,0.007359299150242963
AlcoholDrinking_False,0.006774993594728924
AgeCategory_30-34,0.006462195276092753
AgeCategory_25-29,0.005806114169253938
Race_Other,0.0051686765327229045
Race_Hispanic,0.0033663269456381774
BMI_underweight,0.002878006637226245
Diabetic_During pregnancy,0.0016812358230998256
Race_Asian,0.000668232780695522
BMI_overweight,0.00030078644011724076
PhysicalHealth_poor,0.0
MentalHealth_poor,0.0
