features,importance
PhysicalHealth,0.10111449263152525
MentalHealth,0.09411670058888519
AgeCategory_80 or older,0.034872748877576784
DiffWalking_False,0.03415266490797165
Diabetic_Yes,0.030642750641028362
Diabetic_No,0.02961858722456186
GenHealth_Excellent,0.028903261714197562
DiffWalking_True,0.027640728569235325
AgeCategory_70-74,0.024669682028274426
GenHealth_Very good,0.024448238308293187
AgeCategory_75-79,0.023752730841923104
GenHealth_Fair,0.023538830270318025
BMI_overweight,0.022823782759983344
BMI_obesity,0.022491523259893266
Stroke_False,0.020838828345835978
BMI_normal,0.02014789713487106
Stroke_True,0.019580710396946636
AgeCategory_65-69,0.019295359539652737
Smoking_False,0.018849679494693742
PhysicalActivity_True,0.01839803287590486
PhysicalActivity_False,0.018359124456107084
GenHealth_Good,0.018226889026583343
Race_White,0.01793108778227944
Sex_Male,0.017369841616935125
AgeCategory_60-64,0.0164585183084692
Sex_Female,0.01570679549347346
Asthma_True,0.015397728532500722
Asthma_False,0.015195247875513506
GenHealth_Poor,0.013645098282089393
Smoking_True,0.01352214917858659
AgeCategory_55-59,0.013428574940554031
AgeCategory_18-24,0.012362640638568463
AgeCategory_50-54,0.01222161358858028
SkinCancer_True,0.012113863744861925
SkinCancer_False,0.01157898118686393
AgeCategory_35-39,0.011286251532996849
Race_Black,0.01126935635300055
AgeCategory_30-34,0.011117841090742212
Race_Hispanic,0.010839237653805098
AgeCategory_40-44,0.010753740390792394
AgeCategory_45-49,0.010247835830075476
AgeCategory_25-29,0.01002188157649428
KidneyDisease_True,0.009350446695939782
KidneyDisease_False,0.009033407993847367
AlcoholDrinking_False,0.008160501647069242
AlcoholDrinking_True,0.008009647351064098
Race_Other,0.0070328762723287485
Race_American Indian/Alaskan Native,0.0048942935285823
Diabetic_Borderline diabetes,0.004671842209035448
BMI_underweight,0.004425669231043717
Race_Asian,0.003981815979766094
Diabetic_During pregnancy,0.0014879695998776753
