features,importance
PhysicalHealth,0.15680335723660374
MentalHealth,0.13703703062161626
BMI_obesity,0.028515152606189708
BMI_overweight,0.028113590763375898
AgeCategory_80 or older,0.025969680959590506
BMI_normal,0.02398994665483106
PhysicalActivity_True,0.02232851658490522
PhysicalActivity_False,0.022023354277274105
Stroke_True,0.021282698589268824
DiffWalking_False,0.020783987232786214
Diabetic_Yes,0.020534955069192375
AgeCategory_70-74,0.020424638363179155
Race_White,0.020306324192184286
GenHealth_Fair,0.020127325881243396
GenHealth_Poor,0.019896793294305597
AgeCategory_75-79,0.019448491103414994
Asthma_False,0.01912414890481856
Asthma_True,0.018889413293320237
Stroke_False,0.01882216380533242
AgeCategory_65-69,0.018689295271731132
Diabetic_No,0.01763709338209074
AgeCategory_60-64,0.01691697713419488
DiffWalking_True,0.016712152256954955
GenHealth_Good,0.015575956396710595
Smoking_True,0.014488758182241657
Smoking_False,0.014307953060724967
Sex_Female,0.01398734453142159
Race_Black,0.013788067793065557
Sex_Male,0.013779346475301253
AgeCategory_55-59,0.013483279600538618
SkinCancer_True,0.012951375199375436
GenHealth_Very good,0.012486545731652619
SkinCancer_False,0.01230899521084162
KidneyDisease_False,0.011861695003231722
AgeCategory_50-54,0.010912622410940766
Race_Hispanic,0.01024853591879433
KidneyDisease_True,0.009809205992469415
Race_Other,0.009152578413032035
AlcoholDrinking_True,0.008727501158603358
AlcoholDrinking_False,0.00865014816009124
GenHealth_Excellent,0.008475345282570724
AgeCategory_45-49,0.007557815301560036
Race_American Indian/Alaskan Native,0.006633458496219433
AgeCategory_40-44,0.006094256746960392
BMI_underweight,0.005944351665692119
Diabetic_Borderline diabetes,0.005780606796007988
AgeCategory_35-39,0.00473377166659552
Race_Asian,0.004055115645902672
AgeCategory_30-34,0.003558128312763488
AgeCategory_25-29,0.0026201772364493566
AgeCategory_18-24,0.002252575206505235
Diabetic_During pregnancy,0.0013974009253321584
