features,importance
PhysicalHealth,0.33842854260224353
Stroke_True,0.06585348981343073
AgeCategory_80 or older,0.06381988071791227
Diabetic_Yes,0.05737924565382568
Stroke_False,0.05401499160200609
Diabetic_No,0.04155012599811296
AgeCategory_75-79,0.032319991681956324
AgeCategory_70-74,0.029775498659554346
KidneyDisease_True,0.025266186813533643
KidneyDisease_False,0.024956108427924242
Sex_Female,0.02448092821919538
Sex_Male,0.023137522003417392
AgeCategory_65-69,0.02031574884497316
Smoking_True,0.01993732881802162
Smoking_False,0.018758828675954704
SkinCancer_False,0.016173072309896237
AgeCategory_60-64,0.01614569347149412
PhysicalActivity_False,0.016138873540568206
PhysicalActivity_True,0.015288299914186213
SkinCancer_True,0.01518776128871619
AgeCategory_55-59,0.013133340853922391
AgeCategory_50-54,0.011089986958421973
AgeCategory_45-49,0.01035057295178584
AgeCategory_40-44,0.009653928485887413
AgeCategory_35-39,0.009106659839312374
Diabetic_Borderline diabetes,0.007233134896233156
AgeCategory_30-34,0.0067137199511112175
AgeCategory_18-24,0.0056353404279481595
AgeCategory_25-29,0.005470466703651048
Diabetic_During pregnancy,0.0026847298748033216
